date,station_id,station_name,region_name,province_name,RR,rain_3d,rain_7d,ff_x,ff_avg,experiment_id,sequence_length,feature_group,anomaly_score,status,alert_type,triggers,threshold_p95,threshold_p99,threshold_p995
2020-12-19,96851,Stasiun Klimatologi DI Yogyakarta,Kab. Sleman,DI Yogyakarta,11.2,62.10000000000002,295.29999999999995,5.0,3.0,rain_7d,7,rain_only,162.94858,AWAS,ANGIN_KENCANG,Anomaly score above AWAS threshold; Wind above local percentile threshold,5.137406921386717,14.224479627609258,19.757201824188193
2020-12-18,96851,Stasiun Klimatologi DI Yogyakarta,Kab. Sleman,DI Yogyakarta,50.6,50.90000000000003,372.8,6.0,2.0,rain_7d,7,rain_only,111.03796,AWAS,CURAH_HUJAN_EKSTREM_DAN_ANGIN_KENCANG,Anomaly score above AWAS threshold; Rainfall above local percentile threshold; Wind above local percentile threshold,5.137406921386717,14.224479627609258,19.757201824188193
2020-12-21,96851,Stasiun Klimatologi DI Yogyakarta,Kab. Sleman,DI Yogyakarta,0.0,16.800000000000026,67.89999999999995,6.0,3.0,rain_7d,7,rain_only,107.78185,AWAS,ANGIN_KENCANG,Anomaly score above AWAS threshold; Wind above local percentile threshold,5.137406921386717,14.224479627609258,19.757201824188193
2020-12-16,96851,Stasiun Klimatologi DI Yogyakarta,Kab. Sleman,DI Yogyakarta,0.0,230.7,358.0666666666666,5.0,3.0,rain_7d,7,rain_only,104.5884,AWAS,CURAH_HUJAN_EKSTREM_DAN_ANGIN_KENCANG,Anomaly score above AWAS threshold; Rainfall above local percentile threshold; Wind above local percentile threshold,5.137406921386717,14.224479627609258,19.757201824188193
2020-12-15,96851,Stasiun Klimatologi DI Yogyakarta,Kab. Sleman,DI Yogyakarta,0.2,233.2,369.8,4.0,2.0,rain_7d,7,rain_only,104.1077,AWAS,CURAH_HUJAN_EKSTREM_DAN_ANGIN_KENCANG,Anomaly score above AWAS threshold; Rainfall above local percentile threshold; Wind above local percentile threshold,5.137406921386717,14.224479627609258,19.757201824188193
2020-12-17,96851,Stasiun Klimatologi DI Yogyakarta,Kab. Sleman,DI Yogyakarta,0.3,0.5000000000000284,342.4,4.0,2.0,rain_7d,7,rain_only,102.33939,AWAS,ANGIN_KENCANG,Anomaly score above AWAS threshold; Wind above local percentile threshold,5.137406921386717,14.224479627609258,19.757201824188193
2020-12-20,96851,Stasiun Klimatologi DI Yogyakarta,Kab. Sleman,DI Yogyakarta,5.6,67.40000000000003,298.3999999999999,6.0,3.0,rain_7d,7,rain_only,94.93195,AWAS,ANGIN_KENCANG,Anomaly score above AWAS threshold; Wind above local percentile threshold,5.137406921386717,14.224479627609258,19.757201824188193
2020-12-14,96851,Stasiun Klimatologi DI Yogyakarta,Kab. Sleman,DI Yogyakarta,230.5,321.70000000000005,377.1,5.0,2.0,rain_7d,7,rain_only,72.16321,AWAS,CURAH_HUJAN_EKSTREM_DAN_ANGIN_KENCANG,Anomaly score above AWAS threshold; Rainfall above local percentile threshold; Wind above local percentile threshold,5.137406921386717,14.224479627609258,19.757201824188193
2019-03-25,96855,Stasiun Geofisika Sleman,Kab. Sleman,DI Yogyakarta,18.4,131.90000000000006,166.7,2.0,1.0,rain_7d,7,rain_only,59.50479,AWAS,CURAH_HUJAN_EKSTREM,Anomaly score above AWAS threshold; Rainfall above local percentile threshold,5.137406921386717,14.224479627609258,19.757201824188193
2020-02-26,96855,Stasiun Geofisika Sleman,Kab. Sleman,DI Yogyakarta,14.1,72.30000000000005,264.95,2.0,1.0,rain_7d,7,rain_only,30.441027,AWAS,ANOMALI_CUACA,Anomaly score above AWAS threshold,5.137406921386717,14.224479627609258,19.757201824188193
2019-03-24,96855,Stasiun Geofisika Sleman,Kab. Sleman,DI Yogyakarta,68.0,120.30000000000004,318.9,0.0,0.0,rain_7d,7,rain_only,29.579687,AWAS,CURAH_HUJAN_EKSTREM,Anomaly score above AWAS threshold; Rainfall above local percentile threshold,5.137406921386717,14.224479627609258,19.757201824188193
2020-04-07,96851,Stasiun Klimatologi DI Yogyakarta,Kab. Sleman,DI Yogyakarta,3.8,86.10000000000004,190.9,4.0,2.0,rain_7d,7,rain_only,27.696892,AWAS,ANGIN_KENCANG,Anomaly score above AWAS threshold; Wind above local percentile threshold,5.137406921386717,14.224479627609258,19.757201824188193
2020-03-12,96855,Stasiun Geofisika Sleman,Kab. Sleman,DI Yogyakarta,47.0,80.30000000000005,116.5,2.0,1.0,rain_7d,7,rain_only,26.671757,AWAS,CURAH_HUJAN_EKSTREM,Anomaly score above AWAS threshold; Rainfall above local percentile threshold,5.137406921386717,14.224479627609258,19.757201824188193
2019-03-25,96851,Stasiun Klimatologi DI Yogyakarta,Kab. Sleman,DI Yogyakarta,6.2,95.9,152.54999999999995,4.0,2.0,rain_7d,7,rain_only,22.908344,AWAS,ANGIN_KENCANG,Anomaly score above AWAS threshold; Wind above local percentile threshold,5.137406921386717,14.224479627609258,19.757201824188193
2019-03-23,96855,Stasiun Geofisika Sleman,Kab. Sleman,DI Yogyakarta,45.5,63.900000000000055,268.5,2.0,1.0,rain_7d,7,rain_only,20.687202,AWAS,CURAH_HUJAN_EKSTREM,Anomaly score above AWAS threshold; Rainfall above local percentile threshold,5.137406921386717,14.224479627609258,19.757201824188193
2018-12-14,96851,Stasiun Klimatologi DI Yogyakarta,Kab. Sleman,DI Yogyakarta,0.3,8.0,82.79999999999997,4.0,2.0,wind_7d,7,wind_only,9.981722,AWAS,ANGIN_KENCANG,Anomaly score above AWAS threshold; Wind above local percentile threshold,1.159290349483489,1.6009646844863892,9.101164412498285
2018-12-15,96851,Stasiun Klimatologi DI Yogyakarta,Kab. Sleman,DI Yogyakarta,9.9,10.2,33.59999999999997,6.0,2.0,wind_7d,7,wind_only,9.862536,AWAS,ANGIN_KENCANG,Anomaly score above AWAS threshold; Wind above local percentile threshold,1.159290349483489,1.6009646844863892,9.101164412498285
2018-12-11,96851,Stasiun Klimatologi DI Yogyakarta,Kab. Sleman,DI Yogyakarta,15.4,15.7,205.4,5.0,2.0,wind_7d,7,wind_only,9.550493,AWAS,ANGIN_KENCANG,Anomaly score above AWAS threshold; Wind above local percentile threshold,1.159290349483489,1.6009646844863892,9.101164412498285
2018-12-12,96851,Stasiun Klimatologi DI Yogyakarta,Kab. Sleman,DI Yogyakarta,7.7,23.1,122.09999999999998,5.0,3.0,wind_7d,7,wind_only,9.491282,AWAS,ANGIN_KENCANG,Anomaly score above AWAS threshold; Wind above local percentile threshold,1.159290349483489,1.6009646844863892,9.101164412498285
2018-12-13,96851,Stasiun Klimatologi DI Yogyakarta,Kab. Sleman,DI Yogyakarta,0.0,23.1,99.79999999999998,4.0,2.0,wind_7d,7,wind_only,9.47567,AWAS,ANGIN_KENCANG,Anomaly score above AWAS threshold; Wind above local percentile threshold,1.159290349483489,1.6009646844863892,9.101164412498285
2018-12-16,96851,Stasiun Klimatologi DI Yogyakarta,Kab. Sleman,DI Yogyakarta,8.0,18.200000000000003,41.299999999999976,3.0,2.0,wind_7d,7,wind_only,9.3271475,AWAS,ANOMALI_CUACA,Anomaly score above AWAS threshold,1.159290349483489,1.6009646844863892,9.101164412498285
2020-03-07,96851,Stasiun Klimatologi DI Yogyakarta,Kab. Sleman,DI Yogyakarta,1.0,93.1,266.2,6.0,2.0,wind_7d,7,wind_only,6.8730774,SIAGA,ANGIN_KENCANG,Anomaly score above SIAGA threshold; Wind above local percentile threshold,1.159290349483489,1.6009646844863892,9.101164412498285
2020-03-04,96851,Stasiun Klimatologi DI Yogyakarta,Kab. Sleman,DI Yogyakarta,39.6,113.6,180.2,3.0,1.0,wind_7d,7,wind_only,6.6736617,SIAGA,CURAH_HUJAN_EKSTREM,Anomaly score above SIAGA threshold; Rainfall above local percentile threshold,1.159290349483489,1.6009646844863892,9.101164412498285
2020-03-06,96851,Stasiun Klimatologi DI Yogyakarta,Kab. Sleman,DI Yogyakarta,2.3,131.70000000000002,265.2,3.0,2.0,wind_7d,7,wind_only,6.439209,SIAGA,CURAH_HUJAN_EKSTREM,Anomaly score above SIAGA threshold; Rainfall above local percentile threshold,1.159290349483489,1.6009646844863892,9.101164412498285
2020-03-05,96851,Stasiun Klimatologi DI Yogyakarta,Kab. Sleman,DI Yogyakarta,89.8,153.8,262.9,5.0,2.0,wind_7d,7,wind_only,6.3862696,SIAGA,CURAH_HUJAN_EKSTREM_DAN_ANGIN_KENCANG,Anomaly score above SIAGA threshold; Rainfall above local percentile threshold; Wind above local percentile threshold,1.159290349483489,1.6009646844863892,9.101164412498285
2020-03-08,96851,Stasiun Klimatologi DI Yogyakarta,Kab. Sleman,DI Yogyakarta,20.8,24.100000000000016,227.5,6.0,2.0,wind_7d,7,wind_only,6.293506,SIAGA,ANGIN_KENCANG,Anomaly score above SIAGA threshold; Wind above local percentile threshold,1.159290349483489,1.6009646844863892,9.101164412498285
2018-12-10,96851,Stasiun Klimatologi DI Yogyakarta,Kab. Sleman,DI Yogyakarta,0.0,59.4,215.6,14.0,3.0,wind_7d,7,wind_only,5.850485,SIAGA,ANGIN_KENCANG,Anomaly score above SIAGA threshold; Wind above local percentile threshold,1.159290349483489,1.6009646844863892,9.101164412498285
2019-12-21,96851,Stasiun Klimatologi DI Yogyakarta,Kab. Sleman,DI Yogyakarta,0.0,33.500000000000014,141.34999999999997,9.0,3.0,wind_7d,7,wind_only,5.494264,SIAGA,ANGIN_KENCANG,Anomaly score above SIAGA threshold; Wind above local percentile threshold,1.159290349483489,1.6009646844863892,9.101164412498285
2019-12-17,96851,Stasiun Klimatologi DI Yogyakarta,Kab. Sleman,DI Yogyakarta,6.2,92.25,154.44999999999996,6.0,2.0,wind_7d,7,wind_only,5.3174596,SIAGA,ANGIN_KENCANG,Anomaly score above SIAGA threshold; Wind above local percentile threshold,1.159290349483489,1.6009646844863892,9.101164412498285
2019-12-18,96851,Stasiun Klimatologi DI Yogyakarta,Kab. Sleman,DI Yogyakarta,15.6,52.55000000000001,134.34999999999997,6.0,3.0,wind_7d,7,wind_only,5.294593,SIAGA,ANGIN_KENCANG,Anomaly score above SIAGA threshold; Wind above local percentile threshold,1.159290349483489,1.6009646844863892,9.101164412498285
2020-12-19,96851,Stasiun Klimatologi DI Yogyakarta,Kab. Sleman,DI Yogyakarta,11.2,62.10000000000002,295.29999999999995,5.0,3.0,all_7d,7,all_features,88.28501,AWAS,ANGIN_KENCANG,Anomaly score above AWAS threshold; Wind above local percentile threshold,2.985289299488066,8.157676396369942,10.916516861915584
2020-12-18,96851,Stasiun Klimatologi DI Yogyakarta,Kab. Sleman,DI Yogyakarta,50.6,50.90000000000003,372.8,6.0,2.0,all_7d,7,all_features,72.99614,AWAS,CURAH_HUJAN_EKSTREM_DAN_ANGIN_KENCANG,Anomaly score above AWAS threshold; Rainfall above local percentile threshold; Wind above local percentile threshold,2.985289299488066,8.157676396369942,10.916516861915584
2020-12-17,96851,Stasiun Klimatologi DI Yogyakarta,Kab. Sleman,DI Yogyakarta,0.3,0.5000000000000284,342.4,4.0,2.0,all_7d,7,all_features,52.684788,AWAS,ANGIN_KENCANG,Anomaly score above AWAS threshold; Wind above local percentile threshold,2.985289299488066,8.157676396369942,10.916516861915584
2020-12-16,96851,Stasiun Klimatologi DI Yogyakarta,Kab. Sleman,DI Yogyakarta,0.0,230.7,358.0666666666666,5.0,3.0,all_7d,7,all_features,48.585556,AWAS,CURAH_HUJAN_EKSTREM_DAN_ANGIN_KENCANG,Anomaly score above AWAS threshold; Rainfall above local percentile threshold; Wind above local percentile threshold,2.985289299488066,8.157676396369942,10.916516861915584
2020-12-15,96851,Stasiun Klimatologi DI Yogyakarta,Kab. Sleman,DI Yogyakarta,0.2,233.2,369.8,4.0,2.0,all_7d,7,all_features,48.110134,AWAS,CURAH_HUJAN_EKSTREM_DAN_ANGIN_KENCANG,Anomaly score above AWAS threshold; Rainfall above local percentile threshold; Wind above local percentile threshold,2.985289299488066,8.157676396369942,10.916516861915584
2020-12-20,96851,Stasiun Klimatologi DI Yogyakarta,Kab. Sleman,DI Yogyakarta,5.6,67.40000000000003,298.3999999999999,6.0,3.0,all_7d,7,all_features,42.659916,AWAS,ANGIN_KENCANG,Anomaly score above AWAS threshold; Wind above local percentile threshold,2.985289299488066,8.157676396369942,10.916516861915584
2020-12-14,96851,Stasiun Klimatologi DI Yogyakarta,Kab. Sleman,DI Yogyakarta,230.5,321.70000000000005,377.1,5.0,2.0,all_7d,7,all_features,30.969803,AWAS,CURAH_HUJAN_EKSTREM_DAN_ANGIN_KENCANG,Anomaly score above AWAS threshold; Rainfall above local percentile threshold; Wind above local percentile threshold,2.985289299488066,8.157676396369942,10.916516861915584
2020-12-21,96851,Stasiun Klimatologi DI Yogyakarta,Kab. Sleman,DI Yogyakarta,0.0,16.800000000000026,67.89999999999995,6.0,3.0,all_7d,7,all_features,29.685696,AWAS,ANGIN_KENCANG,Anomaly score above AWAS threshold; Wind above local percentile threshold,2.985289299488066,8.157676396369942,10.916516861915584
2019-03-25,96855,Stasiun Geofisika Sleman,Kab. Sleman,DI Yogyakarta,18.4,131.90000000000006,166.7,2.0,1.0,all_7d,7,all_features,23.191282,AWAS,CURAH_HUJAN_EKSTREM,Anomaly score above AWAS threshold; Rainfall above local percentile threshold,2.985289299488066,8.157676396369942,10.916516861915584
2020-03-07,96851,Stasiun Klimatologi DI Yogyakarta,Kab. Sleman,DI Yogyakarta,1.0,93.1,266.2,6.0,2.0,all_7d,7,all_features,17.076084,AWAS,ANGIN_KENCANG,Anomaly score above AWAS threshold; Wind above local percentile threshold,2.985289299488066,8.157676396369942,10.916516861915584
2020-03-06,96851,Stasiun Klimatologi DI Yogyakarta,Kab. Sleman,DI Yogyakarta,2.3,131.70000000000002,265.2,3.0,2.0,all_7d,7,all_features,16.746756,AWAS,CURAH_HUJAN_EKSTREM,Anomaly score above AWAS threshold; Rainfall above local percentile threshold,2.985289299488066,8.157676396369942,10.916516861915584
2020-04-07,96851,Stasiun Klimatologi DI Yogyakarta,Kab. Sleman,DI Yogyakarta,3.8,86.10000000000004,190.9,4.0,2.0,all_7d,7,all_features,16.686989,AWAS,ANGIN_KENCANG,Anomaly score above AWAS threshold; Wind above local percentile threshold,2.985289299488066,8.157676396369942,10.916516861915584
2020-02-27,96855,Stasiun Geofisika Sleman,Kab. Sleman,DI Yogyakarta,5.0,77.30000000000005,235.25,2.0,1.0,all_7d,7,all_features,16.367992,AWAS,ANOMALI_CUACA,Anomaly score above AWAS threshold,2.985289299488066,8.157676396369942,10.916516861915584
2020-02-26,96855,Stasiun Geofisika Sleman,Kab. Sleman,DI Yogyakarta,14.1,72.30000000000005,264.95,2.0,1.0,all_7d,7,all_features,15.658322,AWAS,ANOMALI_CUACA,Anomaly score above AWAS threshold,2.985289299488066,8.157676396369942,10.916516861915584
2020-12-20,96855,Stasiun Geofisika Sleman,Kab. Sleman,DI Yogyakarta,2.8,87.40000000000006,129.2,3.0,2.0,all_7d,7,all_features,14.574501,AWAS,ANOMALI_CUACA,Anomaly score above AWAS threshold,2.985289299488066,8.157676396369942,10.916516861915584
2020-12-22,96851,Stasiun Klimatologi DI Yogyakarta,Kab. Sleman,DI Yogyakarta,0.0,5.600000000000028,67.69999999999995,6.0,3.0,rain_30d,30,rain_only,61.71521,AWAS,ANGIN_KENCANG,Anomaly score above AWAS threshold; Wind above local percentile threshold,17.52765502929687,41.371433677673366,43.24736728668207
2020-12-23,96851,Stasiun Klimatologi DI Yogyakarta,Kab. Sleman,DI Yogyakarta,0.0,0.0,67.69999999999995,5.0,2.0,rain_30d,30,rain_only,58.97647,AWAS,ANGIN_KENCANG,Anomaly score above AWAS threshold; Wind above local percentile threshold,17.52765502929687,41.371433677673366,43.24736728668207
2020-12-24,96851,Stasiun Klimatologi DI Yogyakarta,Kab. Sleman,DI Yogyakarta,0.0,0.0,67.39999999999995,5.0,2.0,rain_30d,30,rain_only,53.340866,AWAS,ANGIN_KENCANG,Anomaly score above AWAS threshold; Wind above local percentile threshold,17.52765502929687,41.371433677673366,43.24736728668207
2020-12-25,96851,Stasiun Klimatologi DI Yogyakarta,Kab. Sleman,DI Yogyakarta,0.0,0.0,16.79999999999994,5.0,2.0,rain_30d,30,rain_only,50.56455,AWAS,ANGIN_KENCANG,Anomaly score above AWAS threshold; Wind above local percentile threshold,17.52765502929687,41.371433677673366,43.24736728668207
2020-12-26,96851,Stasiun Klimatologi DI Yogyakarta,Kab. Sleman,DI Yogyakarta,7.6,7.600000000000028,13.199999999999942,3.0,1.0,rain_30d,30,rain_only,49.469284,AWAS,ANOMALI_CUACA,Anomaly score above AWAS threshold,17.52765502929687,41.371433677673366,43.24736728668207
2020-12-31,96851,Stasiun Klimatologi DI Yogyakarta,Kab. Sleman,DI Yogyakarta,44.1,59.20000000000003,90.09999999999994,5.0,2.0,rain_30d,30,rain_only,49.43452,AWAS,CURAH_HUJAN_EKSTREM_DAN_ANGIN_KENCANG,Anomaly score above AWAS threshold; Rainfall above local percentile threshold; Wind above local percentile threshold,17.52765502929687,41.371433677673366,43.24736728668207
2020-12-27,96851,Stasiun Klimatologi DI Yogyakarta,Kab. Sleman,DI Yogyakarta,19.2,26.800000000000026,26.79999999999994,6.0,3.0,rain_30d,30,rain_only,49.179237,AWAS,ANGIN_KENCANG,Anomaly score above AWAS threshold; Wind above local percentile threshold,17.52765502929687,41.371433677673366,43.24736728668207
2020-12-28,96851,Stasiun Klimatologi DI Yogyakarta,Kab. Sleman,DI Yogyakarta,4.1,30.900000000000027,30.89999999999994,5.0,3.0,rain_30d,30,rain_only,48.91102,AWAS,ANGIN_KENCANG,Anomaly score above AWAS threshold; Wind above local percentile threshold,17.52765502929687,41.371433677673366,43.24736728668207
2020-12-29,96851,Stasiun Klimatologi DI Yogyakarta,Kab. Sleman,DI Yogyakarta,0.5,23.800000000000026,31.39999999999994,5.0,4.0,rain_30d,30,rain_only,48.724724,AWAS,ANGIN_KENCANG,Anomaly score above AWAS threshold; Wind above local percentile threshold,17.52765502929687,41.371433677673366,43.24736728668207
2020-12-30,96851,Stasiun Klimatologi DI Yogyakarta,Kab. Sleman,DI Yogyakarta,14.6,19.20000000000003,45.99999999999994,4.0,2.0,rain_30d,30,rain_only,48.385773,AWAS,ANGIN_KENCANG,Anomaly score above AWAS threshold; Wind above local percentile threshold,17.52765502929687,41.371433677673366,43.24736728668207
2019-03-19,96855,Stasiun Geofisika Sleman,Kab. Sleman,DI Yogyakarta,0.0,188.20000000000005,247.35,2.0,0.0,rain_30d,30,rain_only,46.24848,AWAS,CURAH_HUJAN_EKSTREM,Anomaly score above AWAS threshold; Rainfall above local percentile threshold,17.52765502929687,41.371433677673366,43.24736728668207
2019-03-27,96855,Stasiun Geofisika Sleman,Kab. Sleman,DI Yogyakarta,45.4,95.70000000000005,227.6,2.0,0.0,rain_30d,30,rain_only,46.143047,AWAS,CURAH_HUJAN_EKSTREM,Anomaly score above AWAS threshold; Rainfall above local percentile threshold,17.52765502929687,41.371433677673366,43.24736728668207
2019-03-26,96855,Stasiun Geofisika Sleman,Kab. Sleman,DI Yogyakarta,31.9,118.30000000000004,198.6,2.0,1.0,rain_30d,30,rain_only,45.45386,AWAS,CURAH_HUJAN_EKSTREM,Anomaly score above AWAS threshold; Rainfall above local percentile threshold,17.52765502929687,41.371433677673366,43.24736728668207
2019-03-28,96855,Stasiun Geofisika Sleman,Kab. Sleman,DI Yogyakarta,22.7,100.00000000000004,238.7,2.0,1.0,rain_30d,30,rain_only,45.447567,AWAS,CURAH_HUJAN_EKSTREM,Anomaly score above AWAS threshold; Rainfall above local percentile threshold,17.52765502929687,41.371433677673366,43.24736728668207
2019-03-25,96855,Stasiun Geofisika Sleman,Kab. Sleman,DI Yogyakarta,18.4,131.90000000000006,166.7,2.0,1.0,rain_30d,30,rain_only,44.596935,AWAS,CURAH_HUJAN_EKSTREM,Anomaly score above AWAS threshold; Rainfall above local percentile threshold,17.52765502929687,41.371433677673366,43.24736728668207
2020-01-13,96851,Stasiun Klimatologi DI Yogyakarta,Kab. Sleman,DI Yogyakarta,0.0,14.700000000000014,65.99999999999997,6.0,3.0,wind_30d,30,wind_only,4.7513895,AWAS,ANGIN_KENCANG,Anomaly score above AWAS threshold; Wind above local percentile threshold,1.2990014731883996,3.3070113205909806,3.7463245701789853
2020-01-12,96851,Stasiun Klimatologi DI Yogyakarta,Kab. Sleman,DI Yogyakarta,5.5,33.80000000000001,82.29999999999998,8.0,3.0,wind_30d,30,wind_only,4.665548,AWAS,ANGIN_KENCANG,Anomaly score above AWAS threshold; Wind above local percentile threshold,1.2990014731883996,3.3070113205909806,3.7463245701789853
2020-01-11,96851,Stasiun Klimatologi DI Yogyakarta,Kab. Sleman,DI Yogyakarta,9.2,30.900000000000016,79.79999999999998,12.0,3.0,wind_30d,30,wind_only,4.5268245,AWAS,ANGIN_KENCANG,Anomaly score above AWAS threshold; Wind above local percentile threshold,1.2990014731883996,3.3070113205909806,3.7463245701789853
2020-01-14,96851,Stasiun Klimatologi DI Yogyakarta,Kab. Sleman,DI Yogyakarta,0.7,6.200000000000014,37.09999999999997,4.0,2.0,wind_30d,30,wind_only,3.9841835,AWAS,ANGIN_KENCANG,Anomaly score above AWAS threshold; Wind above local percentile threshold,1.2990014731883996,3.3070113205909806,3.7463245701789853
2019-01-08,96851,Stasiun Klimatologi DI Yogyakarta,Kab. Sleman,DI Yogyakarta,4.0,53.29999999999999,117.89999999999996,4.0,2.0,wind_30d,30,wind_only,3.9675531,AWAS,ANGIN_KENCANG,Anomaly score above AWAS threshold; Wind above local percentile threshold,1.2990014731883996,3.3070113205909806,3.7463245701789853
2020-01-10,96851,Stasiun Klimatologi DI Yogyakarta,Kab. Sleman,DI Yogyakarta,19.1,21.700000000000017,117.2,10.0,2.0,wind_30d,30,wind_only,3.9627664,AWAS,ANGIN_KENCANG,Anomaly score above AWAS threshold; Wind above local percentile threshold,1.2990014731883996,3.3070113205909806,3.7463245701789853
2019-01-07,96851,Stasiun Klimatologi DI Yogyakarta,Kab. Sleman,DI Yogyakarta,41.3,75.5,113.89999999999996,5.0,2.0,wind_30d,30,wind_only,3.8608625,AWAS,CURAH_HUJAN_EKSTREM_DAN_ANGIN_KENCANG,Anomaly score above AWAS threshold; Rainfall above local percentile threshold; Wind above local percentile threshold,1.2990014731883996,3.3070113205909806,3.7463245701789853
2020-01-16,96851,Stasiun Klimatologi DI Yogyakarta,Kab. Sleman,DI Yogyakarta,18.6,19.30000000000001,53.09999999999998,2.0,1.0,wind_30d,30,wind_only,3.8038666,AWAS,ANOMALI_CUACA,Anomaly score above AWAS threshold,1.2990014731883996,3.3070113205909806,3.7463245701789853
2019-01-06,96851,Stasiun Klimatologi DI Yogyakarta,Kab. Sleman,DI Yogyakarta,8.0,56.6,87.59999999999997,4.0,1.0,wind_30d,30,wind_only,3.802667,AWAS,ANGIN_KENCANG,Anomaly score above AWAS threshold; Wind above local percentile threshold,1.2990014731883996,3.3070113205909806,3.7463245701789853
2020-01-19,96851,Stasiun Klimatologi DI Yogyakarta,Kab. Sleman,DI Yogyakarta,0.0,0.4000000000000142,19.69999999999997,4.0,2.0,wind_30d,30,wind_only,3.7819028,AWAS,ANGIN_KENCANG,Anomaly score above AWAS threshold; Wind above local percentile threshold,1.2990014731883996,3.3070113205909806,3.7463245701789853
2019-01-05,96851,Stasiun Klimatologi DI Yogyakarta,Kab. Sleman,DI Yogyakarta,26.2,61.0,87.09999999999997,3.0,1.0,wind_30d,30,wind_only,3.7797308,AWAS,ANOMALI_CUACA,Anomaly score above AWAS threshold,1.2990014731883996,3.3070113205909806,3.7463245701789853
2020-01-17,96851,Stasiun Klimatologi DI Yogyakarta,Kab. Sleman,DI Yogyakarta,0.4,19.00000000000001,34.39999999999997,3.0,1.0,wind_30d,30,wind_only,3.7728732,AWAS,ANOMALI_CUACA,Anomaly score above AWAS threshold,1.2990014731883996,3.3070113205909806,3.7463245701789853
2020-01-05,96851,Stasiun Klimatologi DI Yogyakarta,Kab. Sleman,DI Yogyakarta,3.0,62.90000000000002,136.5,4.0,1.0,wind_30d,30,wind_only,3.7563665,AWAS,ANGIN_KENCANG,Anomaly score above AWAS threshold; Wind above local percentile threshold,1.2990014731883996,3.3070113205909806,3.7463245701789853
2019-01-04,96851,Stasiun Klimatologi DI Yogyakarta,Kab. Sleman,DI Yogyakarta,22.4,38.4,60.89999999999997,4.0,2.0,wind_30d,30,wind_only,3.754511,AWAS,ANGIN_KENCANG,Anomaly score above AWAS threshold; Wind above local percentile threshold,1.2990014731883996,3.3070113205909806,3.7463245701789853
2019-01-03,96851,Stasiun Klimatologi DI Yogyakarta,Kab. Sleman,DI Yogyakarta,12.4,16.0,38.49999999999997,7.0,3.0,wind_30d,30,wind_only,3.7447069,SIAGA,ANGIN_KENCANG,Anomaly score above SIAGA threshold; Wind above local percentile threshold,1.2990014731883996,3.3070113205909806,3.7463245701789853
2020-12-23,96851,Stasiun Klimatologi DI Yogyakarta,Kab. Sleman,DI Yogyakarta,0.0,0.0,67.69999999999995,5.0,2.0,all_30d,30,all_features,26.30319,AWAS,ANGIN_KENCANG,Anomaly score above AWAS threshold; Wind above local percentile threshold,7.936511349678039,15.646812391281129,16.167157440185548
2020-12-22,96851,Stasiun Klimatologi DI Yogyakarta,Kab. Sleman,DI Yogyakarta,0.0,5.600000000000028,67.69999999999995,6.0,3.0,all_30d,30,all_features,26.295818,AWAS,ANGIN_KENCANG,Anomaly score above AWAS threshold; Wind above local percentile threshold,7.936511349678039,15.646812391281129,16.167157440185548
2020-12-24,96851,Stasiun Klimatologi DI Yogyakarta,Kab. Sleman,DI Yogyakarta,0.0,0.0,67.39999999999995,5.0,2.0,all_30d,30,all_features,26.141699,AWAS,ANGIN_KENCANG,Anomaly score above AWAS threshold; Wind above local percentile threshold,7.936511349678039,15.646812391281129,16.167157440185548
2020-12-28,96851,Stasiun Klimatologi DI Yogyakarta,Kab. Sleman,DI Yogyakarta,4.1,30.900000000000027,30.89999999999994,5.0,3.0,all_30d,30,all_features,26.126518,AWAS,ANGIN_KENCANG,Anomaly score above AWAS threshold; Wind above local percentile threshold,7.936511349678039,15.646812391281129,16.167157440185548
2020-12-26,96851,Stasiun Klimatologi DI Yogyakarta,Kab. Sleman,DI Yogyakarta,7.6,7.600000000000028,13.199999999999942,3.0,1.0,all_30d,30,all_features,26.112455,AWAS,ANOMALI_CUACA,Anomaly score above AWAS threshold,7.936511349678039,15.646812391281129,16.167157440185548
2020-12-25,96851,Stasiun Klimatologi DI Yogyakarta,Kab. Sleman,DI Yogyakarta,0.0,0.0,16.79999999999994,5.0,2.0,all_30d,30,all_features,26.099442,AWAS,ANGIN_KENCANG,Anomaly score above AWAS threshold; Wind above local percentile threshold,7.936511349678039,15.646812391281129,16.167157440185548
2020-12-27,96851,Stasiun Klimatologi DI Yogyakarta,Kab. Sleman,DI Yogyakarta,19.2,26.800000000000026,26.79999999999994,6.0,3.0,all_30d,30,all_features,26.089523,AWAS,ANGIN_KENCANG,Anomaly score above AWAS threshold; Wind above local percentile threshold,7.936511349678039,15.646812391281129,16.167157440185548
2020-12-31,96851,Stasiun Klimatologi DI Yogyakarta,Kab. Sleman,DI Yogyakarta,44.1,59.20000000000003,90.09999999999994,5.0,2.0,all_30d,30,all_features,26.07026,AWAS,CURAH_HUJAN_EKSTREM_DAN_ANGIN_KENCANG,Anomaly score above AWAS threshold; Rainfall above local percentile threshold; Wind above local percentile threshold,7.936511349678039,15.646812391281129,16.167157440185548
2020-12-29,96851,Stasiun Klimatologi DI Yogyakarta,Kab. Sleman,DI Yogyakarta,0.5,23.800000000000026,31.39999999999994,5.0,4.0,all_30d,30,all_features,25.945786,AWAS,ANGIN_KENCANG,Anomaly score above AWAS threshold; Wind above local percentile threshold,7.936511349678039,15.646812391281129,16.167157440185548
2020-12-30,96851,Stasiun Klimatologi DI Yogyakarta,Kab. Sleman,DI Yogyakarta,14.6,19.20000000000003,45.99999999999994,4.0,2.0,all_30d,30,all_features,25.936737,AWAS,ANGIN_KENCANG,Anomaly score above AWAS threshold; Wind above local percentile threshold,7.936511349678039,15.646812391281129,16.167157440185548
2019-03-31,96855,Stasiun Geofisika Sleman,Kab. Sleman,DI Yogyakarta,0.0,0.0,118.4,2.0,1.0,all_30d,30,all_features,16.565805,AWAS,ANOMALI_CUACA,Anomaly score above AWAS threshold,7.936511349678039,15.646812391281129,16.167157440185548
2019-03-30,96855,Stasiun Geofisika Sleman,Kab. Sleman,DI Yogyakarta,0.0,22.700000000000056,186.4,2.0,1.0,all_30d,30,all_features,16.478544,AWAS,ANOMALI_CUACA,Anomaly score above AWAS threshold,7.936511349678039,15.646812391281129,16.167157440185548
2019-03-29,96855,Stasiun Geofisika Sleman,Kab. Sleman,DI Yogyakarta,0.0,68.10000000000005,231.9,3.0,1.0,all_30d,30,all_features,16.394648,AWAS,ANOMALI_CUACA,Anomaly score above AWAS threshold,7.936511349678039,15.646812391281129,16.167157440185548
2019-03-28,96855,Stasiun Geofisika Sleman,Kab. Sleman,DI Yogyakarta,22.7,100.00000000000004,238.7,2.0,1.0,all_30d,30,all_features,16.270128,AWAS,CURAH_HUJAN_EKSTREM,Anomaly score above AWAS threshold; Rainfall above local percentile threshold,7.936511349678039,15.646812391281129,16.167157440185548
2019-03-27,96855,Stasiun Geofisika Sleman,Kab. Sleman,DI Yogyakarta,45.4,95.70000000000005,227.6,2.0,0.0,all_30d,30,all_features,16.177376,AWAS,CURAH_HUJAN_EKSTREM,Anomaly score above AWAS threshold; Rainfall above local percentile threshold,7.936511349678039,15.646812391281129,16.167157440185548
