date,station_id,region_name,status,alert_type,source,anomaly_score,threshold_p95,threshold_p99,threshold_p995,rr_mm,rain_3d_mm,rain_7d_mm,ff_x,ff_avg,triggers
2020-12-22,96851,Kab. Sleman,AWAS,ANGIN_KENCANG,LSTM_AUTOENCODER,15.586616516113281,5.292897081375118,9.178507280349733,9.473002943992615,0.0,5.600000000000028,67.69999999999995,6.0,3.0,Anomaly score above AWAS threshold; Wind above local percentile threshold
2020-12-23,96851,Kab. Sleman,AWAS,ANGIN_KENCANG,LSTM_AUTOENCODER,15.575562477111816,5.292897081375118,9.178507280349733,9.473002943992615,0.0,0.0,67.69999999999995,5.0,2.0,Anomaly score above AWAS threshold; Wind above local percentile threshold
2020-12-24,96851,Kab. Sleman,AWAS,ANGIN_KENCANG,LSTM_AUTOENCODER,15.4990873336792,5.292897081375118,9.178507280349733,9.473002943992615,0.0,0.0,67.39999999999995,5.0,2.0,Anomaly score above AWAS threshold; Wind above local percentile threshold
2020-12-26,96851,Kab. Sleman,AWAS,ANOMALI_CUACA,LSTM_AUTOENCODER,15.48703670501709,5.292897081375118,9.178507280349733,9.473002943992615,7.6,7.600000000000028,13.199999999999942,3.0,1.0,Anomaly score above AWAS threshold
2020-12-25,96851,Kab. Sleman,AWAS,ANGIN_KENCANG,LSTM_AUTOENCODER,15.482569694519043,5.292897081375118,9.178507280349733,9.473002943992615,0.0,0.0,16.79999999999994,5.0,2.0,Anomaly score above AWAS threshold; Wind above local percentile threshold
2020-12-28,96851,Kab. Sleman,AWAS,ANGIN_KENCANG,LSTM_AUTOENCODER,15.460776329040527,5.292897081375118,9.178507280349733,9.473002943992615,4.1,30.900000000000027,30.89999999999994,5.0,3.0,Anomaly score above AWAS threshold; Wind above local percentile threshold
2020-12-27,96851,Kab. Sleman,AWAS,ANGIN_KENCANG,LSTM_AUTOENCODER,15.440926551818848,5.292897081375118,9.178507280349733,9.473002943992615,19.2,26.800000000000026,26.79999999999994,6.0,3.0,Anomaly score above AWAS threshold; Wind above local percentile threshold
2020-12-31,96851,Kab. Sleman,AWAS,CURAH_HUJAN_EKSTREM_DAN_ANGIN_KENCANG,LSTM_AUTOENCODER,15.404685974121094,5.292897081375118,9.178507280349733,9.473002943992615,44.1,59.20000000000003,90.09999999999994,5.0,2.0,Anomaly score above AWAS threshold; Rainfall above local percentile threshold; Wind above local percentile threshold
2020-12-29,96851,Kab. Sleman,AWAS,ANGIN_KENCANG,LSTM_AUTOENCODER,15.3338041305542,5.292897081375118,9.178507280349733,9.473002943992615,0.5,23.800000000000026,31.39999999999994,5.0,4.0,Anomaly score above AWAS threshold; Wind above local percentile threshold
2020-12-30,96851,Kab. Sleman,AWAS,ANGIN_KENCANG,LSTM_AUTOENCODER,15.318866729736328,5.292897081375118,9.178507280349733,9.473002943992615,14.6,19.20000000000003,45.99999999999994,4.0,2.0,Anomaly score above AWAS threshold; Wind above local percentile threshold
2019-03-31,96855,Kab. Sleman,AWAS,ANOMALI_CUACA,LSTM_AUTOENCODER,9.719162940979004,5.292897081375118,9.178507280349733,9.473002943992615,0.0,0.0,118.4,2.0,1.0,Anomaly score above AWAS threshold
2019-03-30,96855,Kab. Sleman,AWAS,ANOMALI_CUACA,LSTM_AUTOENCODER,9.62521743774414,5.292897081375118,9.178507280349733,9.473002943992615,0.0,22.700000000000056,186.4,2.0,1.0,Anomaly score above AWAS threshold
2019-03-29,96855,Kab. Sleman,AWAS,ANOMALI_CUACA,LSTM_AUTOENCODER,9.563688278198242,5.292897081375118,9.178507280349733,9.473002943992615,0.0,68.10000000000005,231.9,3.0,1.0,Anomaly score above AWAS threshold
2019-03-28,96855,Kab. Sleman,AWAS,CURAH_HUJAN_EKSTREM,LSTM_AUTOENCODER,9.498758316040039,5.292897081375118,9.178507280349733,9.473002943992615,22.7,100.00000000000004,238.7,2.0,1.0,Anomaly score above AWAS threshold; Rainfall above local percentile threshold
2019-03-25,96855,Kab. Sleman,AWAS,CURAH_HUJAN_EKSTREM,LSTM_AUTOENCODER,9.482064247131348,5.292897081375118,9.178507280349733,9.473002943992615,18.4,131.90000000000006,166.7,2.0,1.0,Anomaly score above AWAS threshold; Rainfall above local percentile threshold
2019-03-27,96855,Kab. Sleman,SIAGA,CURAH_HUJAN_EKSTREM,LSTM_AUTOENCODER,9.471212387084961,5.292897081375118,9.178507280349733,9.473002943992615,45.4,95.70000000000005,227.6,2.0,0.0,Anomaly score above SIAGA threshold; Rainfall above local percentile threshold
2019-03-26,96855,Kab. Sleman,SIAGA,CURAH_HUJAN_EKSTREM,LSTM_AUTOENCODER,9.463241577148438,5.292897081375118,9.178507280349733,9.473002943992615,31.9,118.30000000000004,198.6,2.0,1.0,Anomaly score above SIAGA threshold; Rainfall above local percentile threshold
2019-03-19,96855,Kab. Sleman,SIAGA,CURAH_HUJAN_EKSTREM,LSTM_AUTOENCODER,9.370359420776367,5.292897081375118,9.178507280349733,9.473002943992615,0.0,188.20000000000005,247.35,2.0,0.0,Anomaly score above SIAGA threshold; Rainfall above local percentile threshold
2019-03-24,96855,Kab. Sleman,SIAGA,CURAH_HUJAN_EKSTREM,LSTM_AUTOENCODER,9.303138732910156,5.292897081375118,9.178507280349733,9.473002943992615,68.0,120.30000000000004,318.9,0.0,0.0,Anomaly score above SIAGA threshold; Rainfall above local percentile threshold
2019-03-22,96855,Kab. Sleman,SIAGA,ANOMALI_CUACA,LSTM_AUTOENCODER,9.187430381774902,5.292897081375118,9.178507280349733,9.473002943992615,6.8,34.800000000000054,263.1,3.0,1.0,Anomaly score above SIAGA threshold
2019-03-23,96855,Kab. Sleman,WASPADA,CURAH_HUJAN_EKSTREM,LSTM_AUTOENCODER,9.174112319946289,5.292897081375118,9.178507280349733,9.473002943992615,45.5,63.900000000000055,268.5,2.0,1.0,Anomaly score above WASPADA threshold; Rainfall above local percentile threshold
2019-03-21,96855,Kab. Sleman,WASPADA,ANOMALI_CUACA,LSTM_AUTOENCODER,9.148810386657715,5.292897081375118,9.178507280349733,9.473002943992615,11.6,28.000000000000057,265.7,2.0,1.0,Anomaly score above WASPADA threshold
2019-03-20,96855,Kab. Sleman,WASPADA,CURAH_HUJAN_EKSTREM,LSTM_AUTOENCODER,9.12592601776123,5.292897081375118,9.178507280349733,9.473002943992615,16.4,187.00000000000003,260.45,3.0,1.0,Anomaly score above WASPADA threshold; Rainfall above local percentile threshold
2019-04-01,96855,Kab. Sleman,WASPADA,ANOMALI_CUACA,LSTM_AUTOENCODER,8.478299140930176,5.292897081375118,9.178507280349733,9.473002943992615,0.0,0.0,100.0,3.0,1.0,Anomaly score above WASPADA threshold
2019-04-14,96855,Kab. Sleman,WASPADA,ANOMALI_CUACA,LSTM_AUTOENCODER,8.253378868103027,5.292897081375118,9.178507280349733,9.473002943992615,0.0,0.0,0.0,2.0,1.0,Anomaly score above WASPADA threshold
2019-04-16,96855,Kab. Sleman,WASPADA,ANOMALI_CUACA,LSTM_AUTOENCODER,8.220691680908203,5.292897081375118,9.178507280349733,9.473002943992615,2.7,2.700000000000057,2.7,2.0,1.0,Anomaly score above WASPADA threshold
2019-04-15,96855,Kab. Sleman,WASPADA,ANOMALI_CUACA,LSTM_AUTOENCODER,8.205462455749512,5.292897081375118,9.178507280349733,9.473002943992615,0.0,0.0,0.0,2.0,1.0,Anomaly score above WASPADA threshold
2019-04-13,96855,Kab. Sleman,WASPADA,ANOMALI_CUACA,LSTM_AUTOENCODER,8.152042388916016,5.292897081375118,9.178507280349733,9.473002943992615,0.0,0.0,0.0,2.0,0.0,Anomaly score above WASPADA threshold
2019-04-12,96855,Kab. Sleman,WASPADA,ANOMALI_CUACA,LSTM_AUTOENCODER,8.080018997192383,5.292897081375118,9.178507280349733,9.473002943992615,0.0,0.0,33.4,2.0,1.0,Anomaly score above WASPADA threshold
2019-04-11,96855,Kab. Sleman,WASPADA,ANOMALI_CUACA,LSTM_AUTOENCODER,8.020574569702148,5.292897081375118,9.178507280349733,9.473002943992615,0.0,0.0,33.9,2.0,1.0,Anomaly score above WASPADA threshold
2019-04-07,96855,Kab. Sleman,WASPADA,ANOMALI_CUACA,LSTM_AUTOENCODER,7.995818614959717,5.292897081375118,9.178507280349733,9.473002943992615,0.0,33.900000000000055,84.6,2.0,1.0,Anomaly score above WASPADA threshold
2019-04-10,96855,Kab. Sleman,WASPADA,ANOMALI_CUACA,LSTM_AUTOENCODER,7.992518424987793,5.292897081375118,9.178507280349733,9.473002943992615,0.0,0.0,36.1,2.0,1.0,Anomaly score above WASPADA threshold
2019-04-08,96855,Kab. Sleman,WASPADA,ANOMALI_CUACA,LSTM_AUTOENCODER,7.9736714363098145,5.292897081375118,9.178507280349733,9.473002943992615,0.0,33.400000000000055,84.6,2.0,0.0,Anomaly score above WASPADA threshold
2019-04-09,96855,Kab. Sleman,WASPADA,ANOMALI_CUACA,LSTM_AUTOENCODER,7.971855163574219,5.292897081375118,9.178507280349733,9.473002943992615,0.0,0.0,53.00000000000001,2.0,1.0,Anomaly score above WASPADA threshold
2019-04-06,96855,Kab. Sleman,WASPADA,ANOMALI_CUACA,LSTM_AUTOENCODER,7.928894519805908,5.292897081375118,9.178507280349733,9.473002943992615,33.4,36.10000000000005,84.6,2.0,0.0,Anomaly score above WASPADA threshold
2019-04-05,96855,Kab. Sleman,WASPADA,ANOMALI_CUACA,LSTM_AUTOENCODER,7.922281742095947,5.292897081375118,9.178507280349733,9.473002943992615,0.5,19.60000000000006,51.2,2.0,0.0,Anomaly score above WASPADA threshold
2019-04-04,96855,Kab. Sleman,WASPADA,ANOMALI_CUACA,LSTM_AUTOENCODER,7.893675804138184,5.292897081375118,9.178507280349733,9.473002943992615,2.2,50.70000000000006,50.7,2.0,1.0,Anomaly score above WASPADA threshold
2019-04-02,96855,Kab. Sleman,WASPADA,ANOMALI_CUACA,LSTM_AUTOENCODER,7.855511665344238,5.292897081375118,9.178507280349733,9.473002943992615,31.6,31.60000000000006,99.7,2.0,0.0,Anomaly score above WASPADA threshold
2019-04-03,96855,Kab. Sleman,WASPADA,ANOMALI_CUACA,LSTM_AUTOENCODER,7.843564987182617,5.292897081375118,9.178507280349733,9.473002943992615,16.900000000000002,48.50000000000006,71.2,2.0,0.0,Anomaly score above WASPADA threshold
2019-03-18,96855,Kab. Sleman,WASPADA,CURAH_HUJAN_EKSTREM,LSTM_AUTOENCODER,6.782949924468994,5.292897081375118,9.178507280349733,9.473002943992615,170.6,228.30000000000004,248.35,2.0,1.0,Anomaly score above WASPADA threshold; Rainfall above local percentile threshold
2018-12-11,96851,Kab. Sleman,WASPADA,ANGIN_KENCANG,LSTM_AUTOENCODER,5.8050923347473145,5.292897081375118,9.178507280349733,9.473002943992615,15.4,15.7,205.4,5.0,2.0,Anomaly score above WASPADA threshold; Wind above local percentile threshold
2018-12-10,96851,Kab. Sleman,WASPADA,ANGIN_KENCANG,LSTM_AUTOENCODER,5.695339679718018,5.292897081375118,9.178507280349733,9.473002943992615,0.0,59.4,215.6,14.0,3.0,Anomaly score above WASPADA threshold; Wind above local percentile threshold
2018-12-14,96851,Kab. Sleman,WASPADA,ANGIN_KENCANG,LSTM_AUTOENCODER,5.630920886993408,5.292897081375118,9.178507280349733,9.473002943992615,0.3,8.0,82.79999999999997,4.0,2.0,Anomaly score above WASPADA threshold; Wind above local percentile threshold
2018-12-13,96851,Kab. Sleman,WASPADA,ANGIN_KENCANG,LSTM_AUTOENCODER,5.600327968597412,5.292897081375118,9.178507280349733,9.473002943992615,0.0,23.1,99.79999999999998,4.0,2.0,Anomaly score above WASPADA threshold; Wind above local percentile threshold
2018-12-12,96851,Kab. Sleman,WASPADA,ANGIN_KENCANG,LSTM_AUTOENCODER,5.5806779861450195,5.292897081375118,9.178507280349733,9.473002943992615,7.7,23.1,122.09999999999998,5.0,3.0,Anomaly score above WASPADA threshold; Wind above local percentile threshold
2018-12-26,96851,Kab. Sleman,WASPADA,ANGIN_KENCANG,LSTM_AUTOENCODER,5.5458083152771,5.292897081375118,9.178507280349733,9.473002943992615,15.0,27.0,45.69999999999997,5.0,2.0,Anomaly score above WASPADA threshold; Wind above local percentile threshold
2018-12-15,96851,Kab. Sleman,WASPADA,ANGIN_KENCANG,LSTM_AUTOENCODER,5.521389007568359,5.292897081375118,9.178507280349733,9.473002943992615,9.9,10.2,33.59999999999997,6.0,2.0,Anomaly score above WASPADA threshold; Wind above local percentile threshold
2018-12-16,96851,Kab. Sleman,WASPADA,ANOMALI_CUACA,LSTM_AUTOENCODER,5.5141987800598145,5.292897081375118,9.178507280349733,9.473002943992615,8.0,18.200000000000003,41.299999999999976,3.0,2.0,Anomaly score above WASPADA threshold
2018-12-17,96851,Kab. Sleman,WASPADA,ANGIN_KENCANG,LSTM_AUTOENCODER,5.505162715911865,5.292897081375118,9.178507280349733,9.473002943992615,1.0,18.9,42.299999999999976,5.0,2.0,Anomaly score above WASPADA threshold; Wind above local percentile threshold
2018-12-19,96851,Kab. Sleman,WASPADA,ANGIN_KENCANG,LSTM_AUTOENCODER,5.48535680770874,5.292897081375118,9.178507280349733,9.473002943992615,6.3,7.3,25.49999999999997,4.0,2.0,Anomaly score above WASPADA threshold; Wind above local percentile threshold
